model,model_id,params_b,precision,vram_gb,vision_encoder,family,overall_accuracy_9task,kappa,latency_s,throughput_fps,n_questions,anomaly_discrimination_plainacc,defect_classification_plainacc,defect_localization_plainacc,defect_description_plainacc,defect_analysis_plainacc,object_classification_plainacc,object_analysis_plainacc,average_plainacc,anomaly_discrimination,defect_classification,defect_localization,defect_description,defect_analysis,object_classification,object_analysis,average,anomaly_n_abnormal,anomaly_n_normal
Qwen3-VL-8B,Qwen/Qwen3-VL-8B-Instruct,8.2,4-bit NF4,6.73,Dynamic-resolution patch ViT,this_work,72.16,0.6274,0.32,3.1,2500,58.63,59.5,55.96,71.12,79.57,90.25,78.16333333333333,70.45619047619047,58.997890295358644,59.5,55.96,71.12,79.57,90.25,78.16333333333333,70.50874623267029,158,120
Qwen3-VL-2B,Qwen3-VL-2B-Instruct,2.2,FP16,4.82,Dynamic-resolution patch ViT,this_work,71.2,0.615,0.16,6.2,2500,61.3,40.8,47.5,71.1,82.0,94.89999999999999,81.10000000000001,68.38571428571429,61.408450704225345,40.8,47.5,71.1,82.0,94.89999999999999,81.10000000000001,68.40120724346077,140,142
Qwen3-VL-4B,Qwen/Qwen3-VL-4B-Instruct,4.4,4-bit NF4,3.06,Dynamic-resolution patch ViT,this_work,68.8,0.5824,0.19,5.3,2500,55.76,48.75,51.62,61.73,76.7,90.97,77.91333333333334,66.20619047619047,59.37236286919831,48.75,51.62,61.73,76.7,90.97,77.91333333333334,66.72224231464739,158,120
Moondream2-1.8B,vikhyatk/moondream2,1.8,FP16,2.1,SigLIP token pooler,this_work,67.56,0.5667,0.452,2.2,2500,59.709999999999994,41.58,59.209999999999994,69.31,69.89,87.36,73.72333333333333,65.82619047619048,61.85126582278482,41.58,59.209999999999994,69.31,69.89,87.36,73.72333333333333,66.13208559373116,158,120
Qwen2.5-VL-3B,Qwen/Qwen2.5-VL-3B-Instruct,3.1,FP16,5.86,Windowed dynamic ViT,this_work,67.67999999999999,0.574,0.223,4.5,2500,41.730000000000004,51.24999999999999,51.25999999999999,62.45,77.42,90.61,78.16333333333333,64.69761904761904,47.43143459915612,51.24999999999999,51.25999999999999,62.45,77.42,90.61,78.16333333333333,65.51210970464136,158,120
Gemma-4-E4B,google/gemma-4-E4B-it,4.4,4-bit NF4,3.32,Any-to-any pooled ViT,this_work,65.60000000000001,0.5403,0.847,1.2,2500,44.96,53.410000000000004,31.41,65.34,75.99000000000001,80.87,79.48333333333335,61.637619047619054,51.58227848101266,53.410000000000004,31.41,65.34,75.99000000000001,80.87,79.48333333333335,62.58365883062087,158,120
Gemma-4-E2B,google/gemma-4-E2B-it,2.3,FP16,4.65,SigLIP token pooler,this_work,60.919999999999995,0.4757,0.337,3.0,2500,50.72,46.949999999999996,26.35,63.9,75.63,73.29,70.46333333333334,58.18619047619047,55.042194092827,46.949999999999996,26.35,63.9,75.63,73.29,70.46333333333334,58.80364677516577,158,120
SmolVLM-500M,HuggingFaceTB/SmolVLM-500M-Instruct,0.5,FP16,1.11,SigLIP token pooler,this_work,45.72,0.2766,0.462,2.2,2500,47.839999999999996,31.540000000000003,33.21,40.79,32.97,55.96,56.43333333333333,42.67761904761905,53.11181434599156,31.540000000000003,33.21,40.79,32.97,55.96,56.43333333333333,43.4307353827607,158,120
SmolVLM-256M,HuggingFaceTB/SmolVLM-256M-Instruct,0.26,FP16,0.85,SigLIP token pooler,this_work,32.56,0.1225,0.435,2.3,2500,55.76,25.45,29.599999999999998,24.91,26.52,33.57,32.416666666666664,32.603809523809524,56.165611814345986,25.45,29.599999999999998,24.91,26.52,33.57,32.416666666666664,32.66175406871609,158,120
PaliGemma2-3B,google/paligemma2-3b-pt-224,3.0,FP16,5.8,SigLIP-So400m,this_work,8.200000000000001,-0.0759,0.211,4.7,2500,0.0,2.5100000000000002,10.11,7.22,12.540000000000001,13.719999999999999,9.243333333333332,7.906190476190476,0.0,2.5100000000000002,10.11,7.22,12.540000000000001,13.719999999999999,9.243333333333332,7.906190476190476,158,120
