model,subtask,accuracy,n
Qwen3-VL-2B,Anomaly Detection,61.3,282
Qwen3-VL-2B,Defect Analysis,82.0,278
Qwen3-VL-2B,Defect Classification,40.8,277
Qwen3-VL-2B,Defect Description,71.1,277
Qwen3-VL-2B,Defect Localization,47.5,278
Qwen3-VL-2B,Object Analysis,82.3,277
Qwen3-VL-2B,Object Classification,94.89999999999999,277
Qwen3-VL-2B,Object Details,79.80000000000001,277
Qwen3-VL-2B,Object Structure,81.2,277
Qwen3-VL-8B,Anomaly Detection,58.63,282
Qwen3-VL-8B,Defect Analysis,79.57,278
Qwen3-VL-8B,Defect Classification,59.5,277
Qwen3-VL-8B,Defect Description,71.12,277
Qwen3-VL-8B,Defect Localization,55.96,278
Qwen3-VL-8B,Object Analysis,85.92,277
Qwen3-VL-8B,Object Classification,90.25,277
Qwen3-VL-8B,Object Details,72.76,277
Qwen3-VL-8B,Object Structure,75.81,277
Gemma-4-E2B,Anomaly Detection,50.72,282
Gemma-4-E2B,Defect Analysis,75.63,278
Gemma-4-E2B,Defect Classification,46.949999999999996,277
Gemma-4-E2B,Defect Description,63.9,277
Gemma-4-E2B,Defect Localization,26.35,278
Gemma-4-E2B,Object Analysis,71.84,277
Gemma-4-E2B,Object Classification,73.29,277
Gemma-4-E2B,Object Details,71.67999999999999,277
Gemma-4-E2B,Object Structure,67.86999999999999,277
SmolVLM-500M,Anomaly Detection,47.839999999999996,282
SmolVLM-500M,Defect Analysis,32.97,278
SmolVLM-500M,Defect Classification,31.540000000000003,277
SmolVLM-500M,Defect Description,40.79,277
SmolVLM-500M,Defect Localization,33.21,278
SmolVLM-500M,Object Analysis,66.79,277
SmolVLM-500M,Object Classification,55.96,277
SmolVLM-500M,Object Details,51.61,277
SmolVLM-500M,Object Structure,50.9,277
Qwen3-VL-4B,Anomaly Detection,55.76,282
Qwen3-VL-4B,Defect Analysis,76.7,278
Qwen3-VL-4B,Defect Classification,48.75,277
Qwen3-VL-4B,Defect Description,61.73,277
Qwen3-VL-4B,Defect Localization,51.62,278
Qwen3-VL-4B,Object Analysis,83.03,277
Qwen3-VL-4B,Object Classification,90.97,277
Qwen3-VL-4B,Object Details,76.7,277
Qwen3-VL-4B,Object Structure,74.00999999999999,277
Qwen2.5-VL-3B,Anomaly Detection,41.730000000000004,282
Qwen2.5-VL-3B,Defect Analysis,77.42,278
Qwen2.5-VL-3B,Defect Classification,51.24999999999999,277
Qwen2.5-VL-3B,Defect Description,62.45,277
Qwen2.5-VL-3B,Defect Localization,51.25999999999999,278
Qwen2.5-VL-3B,Object Analysis,83.39,277
Qwen2.5-VL-3B,Object Classification,90.61,277
Qwen2.5-VL-3B,Object Details,72.04,277
Qwen2.5-VL-3B,Object Structure,79.06,277
Moondream2-1.8B,Anomaly Detection,59.709999999999994,282
Moondream2-1.8B,Defect Analysis,69.89,278
Moondream2-1.8B,Defect Classification,41.58,277
Moondream2-1.8B,Defect Description,69.31,277
Moondream2-1.8B,Defect Localization,59.209999999999994,278
Moondream2-1.8B,Object Analysis,78.7,277
Moondream2-1.8B,Object Classification,87.36,277
Moondream2-1.8B,Object Details,68.10000000000001,277
Moondream2-1.8B,Object Structure,74.37,277
PaliGemma2-3B,Anomaly Detection,0.0,282
PaliGemma2-3B,Defect Analysis,12.540000000000001,278
PaliGemma2-3B,Defect Classification,2.5100000000000002,277
PaliGemma2-3B,Defect Description,7.22,277
PaliGemma2-3B,Defect Localization,10.11,278
PaliGemma2-3B,Object Analysis,7.22,277
PaliGemma2-3B,Object Classification,13.719999999999999,277
PaliGemma2-3B,Object Details,9.32,277
PaliGemma2-3B,Object Structure,11.19,277
SmolVLM-256M,Anomaly Detection,55.76,282
SmolVLM-256M,Defect Analysis,26.52,278
SmolVLM-256M,Defect Classification,25.45,277
SmolVLM-256M,Defect Description,24.91,277
SmolVLM-256M,Defect Localization,29.599999999999998,278
SmolVLM-256M,Object Analysis,33.57,277
SmolVLM-256M,Object Classification,33.57,277
SmolVLM-256M,Object Details,30.11,277
SmolVLM-256M,Object Structure,33.57,277
Gemma-4-E4B,Anomaly Detection,44.96,282
Gemma-4-E4B,Defect Analysis,75.99000000000001,278
Gemma-4-E4B,Defect Classification,53.410000000000004,277
Gemma-4-E4B,Defect Description,65.34,277
Gemma-4-E4B,Defect Localization,31.41,278
Gemma-4-E4B,Object Analysis,82.67,277
Gemma-4-E4B,Object Classification,80.87,277
Gemma-4-E4B,Object Details,75.27000000000001,277
Gemma-4-E4B,Object Structure,80.51,277
