model,anomaly_discrimination,defect_classification,defect_localization,defect_description,defect_analysis,object_classification,object_analysis,"7-task
average"
Qwen3-VL-8B,-9.63,-6.3,0.34,-2.09,-3.84,-4.73,-4.64,-4.41
Qwen3-VL-2B,-7.22,-25.0,-8.12,-2.11,-1.41,-0.08,-1.7,-6.52
Qwen3-VL-4B,-9.26,-17.05,-4.0,-11.48,-6.71,-4.01,-4.89,-8.2
Moondream2-1.8B,-6.78,-24.22,3.59,-3.9,-13.52,-7.62,-9.08,-8.79
Qwen2.5-VL-3B,-21.2,-14.55,-4.36,-10.76,-5.99,-4.37,-4.64,-9.41
Gemma-4-E4B,-17.05,-12.39,-24.21,-7.87,-7.42,-14.11,-3.32,-12.34
Gemma-4-E2B,-13.59,-18.85,-29.27,-9.31,-7.78,-21.69,-12.34,-16.12
SmolVLM-500M,-15.52,-34.26,-22.41,-32.42,-50.44,-39.02,-26.37,-31.49
SmolVLM-256M,-12.46,-40.35,-26.02,-48.3,-56.89,-61.41,-50.38,-42.26
PaliGemma2-3B,-68.63,-63.29,-45.51,-65.99,-70.87,-81.26,-73.56,-67.01
